"sex","age","pyld_rate","pyld_rate_allcause"
1,0,0.020099219349963,0.0200003245860541
2,0,0.016574606728423,0.016252258390397
1,1,0.0222283966931789,0.0221883600766771
2,1,0.0185055897321741,0.0183436413188997
1,2,0.0245831248938648,0.0246157666478855
2,2,0.0206615370697324,0.0207041488483388
1,3,0.0272573268274353,0.0273469356001537
2,3,0.0230556468626789,0.0233232785615239
1,4,0.0303002813228752,0.0304236355589523
2,4,0.0257126586276786,0.0262229896751971
1,5,0.0336396483517319,0.0338228330548978
2,5,0.0286839635917349,0.0295117263567611
1,6,0.0371553865256635,0.0374968316485791
2,6,0.0320347519749497,0.0333415859085972
1,7,0.0406707172932505,0.0413670138847242
2,7,0.0358476848060172,0.0379242096150681
1,8,0.0440844757936614,0.0454018702557031
2,8,0.0401542539791679,0.0435335366033355
1,9,0.0474406418110287,0.0496432752862055
2,9,0.0449974290988274,0.0503348611779657
1,10,0.0507452414830276,0.0540986935821429
2,10,0.0505207503369551,0.0584108590909298
1,11,0.0540180436029664,0.0587794271693733
2,11,0.0569138669832258,0.0677860591000104
1,12,0.0572927944586924,0.0637013588788912
2,12,0.0644277358183631,0.0783883515635639
1,13,0.0605964331572505,0.0691127809621485
2,13,0.0743565536964116,0.0914470674207889
1,14,0.0638607636199578,0.0750480354512933
2,14,0.0874038181273282,0.107878182051107
1,15,0.0669743845697169,0.0811127737365921
2,15,0.1023949693126,0.126336520989562
1,16,0.0698101421119546,0.0867772373345539
2,16,0.116986620273855,0.144192123489298
1,17,0.0722289110131569,0.091387480834954
2,17,0.127548519699165,0.157455329393169
1,18,0.0739555275909372,0.0942712947698564
2,18,0.130683781181512,0.162142453651683
1,19,0.0750007341014105,0.0956061140801624
2,19,0.127661557442591,0.159405175306604
1,20,0.0756779364465897,0.0960359747610783
2,20,0.121675371813439,0.152895208369143
1,21,0.0763230173616296,0.0962615781733718
2,21,0.115787384027203,0.146214551128563
1,22,0.0772854704494915,0.0969999279453106
2,22,0.11257649888249,0.14246627158992
1,23,0.0786471898568321,0.0982996851165354
2,23,0.112073746705274,0.141635066382299
1,24,0.0801855049155553,0.0996879541322192
2,24,0.11250066455357,0.141607787197148
1,25,0.0818003938119835,0.101111084406935
2,25,0.113498140732402,0.142083062418469
1,26,0.0833837363467106,0.10251232147493
2,26,0.114707624851765,0.142763609985437
1,27,0.0848190302266336,0.10383177332696
2,27,0.115758562915301,0.143348774627337
1,28,0.0860435321328341,0.105030192547218
2,28,0.116663457651552,0.143847010849907
1,29,0.0871250602930454,0.106142818333211
2,29,0.117673632517762,0.144460999911808
1,30,0.0881408864449808,0.107221148125007
2,30,0.118765610958574,0.145177594954547
1,31,0.0891724550649061,0.10831896433586
2,31,0.119915167118492,0.145983601011307
1,32,0.0903051560368675,0.10949229880979
2,32,0.121097177665375,0.146865682822549
1,33,0.0915599447975878,0.110740291080011
2,33,0.122300389342573,0.147818065938645
1,34,0.0928830847268533,0.112027216282414
2,34,0.123543286519968,0.148852034270567
1,35,0.094250120930045,0.113358803082294
2,35,0.124845192915624,0.149980011207224
1,36,0.0956351237444445,0.114741047055679
2,36,0.126226265690664,0.15121490991256
1,37,0.0970106018209242,0.116180232648085
2,37,0.127707601840186,0.152570212587201
1,38,0.0983563061965459,0.117659769944875
2,38,0.129356030630602,0.154100533209456
1,39,0.0996894260624521,0.119177439466154
2,39,0.131164692722726,0.15580340112573
1,40,0.101038618524049,0.120762401945222
2,40,0.133041407992901,0.157605040371141
1,41,0.102434126123141,0.122445380640545
2,41,0.13488871739056,0.159428375604692
1,42,0.103907869899705,0.124258862630215
2,42,0.136603746400994,0.161192734745954
1,43,0.105456076773322,0.126213945243771
2,43,0.13813368095941,0.162869556833345
1,44,0.10706046925822,0.12829648382732
2,44,0.139540527026797,0.164510766397979
1,45,0.108733085022938,0.130502420729829
2,45,0.140892292564038,0.166154944027352
1,46,0.110486695609831,0.132827421352989
2,46,0.142259906790583,0.167842258775502
1,47,0.112334883452568,0.135266805647905
2,47,0.143717122922233,0.169614524398695
1,48,0.11430416286113,0.137855474066378
2,48,0.14527179403627,0.171481131044368
1,49,0.116392526470314,0.140606947988009
2,49,0.146876621266857,0.173416933299753
1,50,0.118569836293145,0.143481885430244
2,50,0.148524642367709,0.175412959452176
1,51,0.120803595224571,0.146437545332375
2,51,0.150208567809497,0.177459809102124
1,52,0.123058736098541,0.149427462736755
2,52,0.151920759670089,0.179547620450354
1,53,0.125314199072216,0.152423969254155
2,53,0.153619144316788,0.181631359733684
1,54,0.127593847070555,0.155459026832638
2,54,0.155308576870827,0.183717891218729
1,55,0.129929678231152,0.158575133707879
2,55,0.157053659673254,0.185877218910382
1,56,0.132356032505443,0.161818183595765
2,56,0.158921935455458,0.188182674290946
1,57,0.134909778407962,0.165237753599065
2,57,0.160984267682451,0.190711341676666
1,58,0.137586423810448,0.168839482427949
2,58,0.163252768704708,0.193456990778277
1,59,0.140368122498001,0.172601179185089
2,59,0.165689418983565,0.196378339219352
1,60,0.143274837362414,0.176534240299129
2,60,0.168292790453923,0.199504445385817
1,61,0.146328072338832,0.180650857687536
2,61,0.171061462782486,0.202866343798279
1,62,0.149551041700389,0.184964087864088
2,62,0.173993971580965,0.206497333975819
1,63,0.152988679942054,0.189508380743659
2,63,0.177140393469922,0.210452803428832
1,64,0.156640972115694,0.194292524013009
2,64,0.180516171659563,0.214732809839609
1,65,0.160461799894734,0.199289521402777
2,65,0.184064773007157,0.219286718004898
1,66,0.164400133607532,0.204469052271797
2,66,0.1877250590959,0.224059457926659
1,67,0.168399535762419,0.20979710478916
2,67,0.191430782471347,0.228990819060052
1,68,0.172514885890162,0.215340331949003
2,68,0.195245000893667,0.234145311805129
1,69,0.176792249675755,0.221137580041908
2,69,0.19921990490696,0.239582044405199
1,70,0.181151825147855,0.22710318389499
2,70,0.203263400975768,0.245223064438159
1,71,0.185505561202138,0.233141505999964
2,71,0.207275655729253,0.250982509639871
1,72,0.189756981969148,0.239146420758084
2,72,0.21114901253686,0.256766013394025
1,73,0.193846306584853,0.245025526459923
2,73,0.214836297150059,0.262503574650257
1,74,0.197822177083562,0.250834418726969
2,74,0.218396049181969,0.268253426812973
1,75,0.201749105021382,0.256689681767884
2,75,0.22187640123605,0.274113365254128
1,76,0.205697476185981,0.26271950193527
2,76,0.225329143331215,0.280189930347848
1,77,0.209743508876914,0.269064228610888
2,77,0.228809596701738,0.286599030506558
1,78,0.213870923189622,0.275763255064257
2,78,0.232219161906919,0.29331171387482
1,79,0.218027327981703,0.282741044053595
2,79,0.235513072476323,0.300267452833987
1,80,0.222240881182759,0.289973157429468
2,80,0.238836465384433,0.307547606333607
1,81,0.226541960478143,0.297431985107487
2,81,0.242342960736097,0.315241045397321
1,82,0.230963260205608,0.305086454834943
2,82,0.246195349762389,0.323445088431786
1,83,0.235610844343672,0.313137964411889
2,83,0.250556834846921,0.332495918356458
1,84,0.24047349016698,0.321634846214761
2,84,0.255344181117009,0.342399125775565
1,85,0.245400711066258,0.330291047881452
2,85,0.260347261260266,0.35272699928279
1,86,0.250229338860046,0.338788464418497
2,86,0.265339210413028,0.362997509112445
1,87,0.254783655332398,0.346777007346273
2,87,0.270075542191056,0.37267188267218
1,88,0.25891200427307,0.354037967514679
2,88,0.274437569957037,0.381520368192957
1,89,0.26270520724672,0.360744239128654
2,89,0.278569566618034,0.389832022115338
1,90,0.266352331935354,0.367127567527763
2,90,0.282616131940826,0.397823887993873
1,91,0.270054307241061,0.373439817314753
2,91,0.286731089579251,0.40573516810823
1,92,0.274023590089443,0.379951606865391
2,92,0.291077449386528,0.413826007105873
1,93,0.27830081248983,0.386631114671604
2,93,0.295689758236664,0.422036103477565
1,94,0.282752880920431,0.393291142937236
2,94,0.300467171487773,0.430178006310289
1,95,0.28733893915297,0.39998633847143
2,95,0.305375217606664,0.43834244740363
1,96,0.292015328959773,0.406775284407134
2,96,0.310377016242938,0.446627577667661
1,97,0.296735410233442,0.413720596982344
2,97,0.315433134052345,0.455139134570024
1,98,0.301498849712389,0.420826339155042
2,98,0.320543563769406,0.463884070248043
1,99,0.306338755817451,0.428054124011118
2,99,0.325736789138139,0.472797029051748
1,100,0.311256356053447,0.43540604766048
2,100,0.331014151556493,0.481881239337734
